"markers","status","message","duration"
"787828","Pass","","0.05534340000000004"
"787805","Pass","","0.04855860000000001"
"787809","Pass","","0.052836500000000064"
